-- --------------------------------------------------------
-- Host:                         127.0.0.1
-- Server version:               8.0.30 - MySQL Community Server - GPL
-- Server OS:                    Win64
-- HeidiSQL Version:             12.1.0.6537
-- --------------------------------------------------------

/*!40101 SET @OLD_CHARACTER_SET_CLIENT=@@CHARACTER_SET_CLIENT */;
/*!40101 SET NAMES utf8 */;
/*!50503 SET NAMES utf8mb4 */;
/*!40103 SET @OLD_TIME_ZONE=@@TIME_ZONE */;
/*!40103 SET TIME_ZONE='+00:00' */;
/*!40014 SET @OLD_FOREIGN_KEY_CHECKS=@@FOREIGN_KEY_CHECKS, FOREIGN_KEY_CHECKS=0 */;
/*!40101 SET @OLD_SQL_MODE=@@SQL_MODE, SQL_MODE='NO_AUTO_VALUE_ON_ZERO' */;
/*!40111 SET @OLD_SQL_NOTES=@@SQL_NOTES, SQL_NOTES=0 */;


-- Dumping database structure for bdtsc_db
CREATE DATABASE IF NOT EXISTS `bdtsc_db` /*!40100 DEFAULT CHARACTER SET utf8mb4 COLLATE utf8mb4_0900_ai_ci */ /*!80016 DEFAULT ENCRYPTION='N' */;
USE `bdtsc_db`;

-- Dumping structure for table bdtsc_db.audit_logs
CREATE TABLE IF NOT EXISTS `audit_logs` (
  `id` int NOT NULL AUTO_INCREMENT,
  `user_id` int DEFAULT NULL,
  `action` varchar(255) CHARACTER SET utf8mb4 COLLATE utf8mb4_general_ci NOT NULL,
  `details` text CHARACTER SET utf8mb4 COLLATE utf8mb4_general_ci,
  `ip_address` varchar(45) CHARACTER SET utf8mb4 COLLATE utf8mb4_general_ci DEFAULT NULL,
  `created_at` timestamp NOT NULL DEFAULT CURRENT_TIMESTAMP,
  `timestamp` timestamp NOT NULL DEFAULT CURRENT_TIMESTAMP,
  PRIMARY KEY (`id`),
  KEY `user_id` (`user_id`),
  CONSTRAINT `audit_logs_ibfk_1` FOREIGN KEY (`user_id`) REFERENCES `users` (`id`) ON DELETE CASCADE
) ENGINE=InnoDB AUTO_INCREMENT=360 DEFAULT CHARSET=utf8mb4 COLLATE=utf8mb4_general_ci;

-- Dumping data for table bdtsc_db.audit_logs: ~320 rows (approximately)
INSERT INTO `audit_logs` (`id`, `user_id`, `action`, `details`, `ip_address`, `created_at`, `timestamp`) VALUES
	(1, 2, 'Login', 'User logged into the system', '::1', '2026-04-05 20:42:48', '2026-04-05 20:37:41'),
	(2, 2, 'Login', 'User logged into the system', '::1', '2026-04-05 22:05:38', '2026-04-05 22:05:38'),
	(3, 2, 'Login', 'User logged into the system', '::1', '2026-04-06 08:06:12', '2026-04-06 08:06:12'),
	(4, 2, 'Login', 'User logged into the system', '::1', '2026-04-06 08:30:13', '2026-04-06 08:30:13'),
	(5, 2, 'Login', 'User logged into the system', '::1', '2026-04-06 08:45:20', '2026-04-06 08:45:20'),
	(6, 2, 'Login', 'User logged into the system', '::1', '2026-04-07 08:40:15', '2026-04-07 08:40:15'),
	(7, 2, 'User Registration', 'Registered new user: ይልቃል በድሉ as Employee', '::1', '2026-04-07 09:22:26', '2026-04-07 09:22:26'),
	(8, 11, 'Login', 'User logged into the system', '::1', '2026-04-07 09:23:11', '2026-04-07 09:23:11'),
	(9, 2, 'Login', 'User logged into the system', '::1', '2026-04-07 09:24:37', '2026-04-07 09:24:37'),
	(10, 2, 'User Update', 'Updated user: እመቤት ከበደ (ID: 7)', '::1', '2026-04-07 09:26:19', '2026-04-07 09:26:19'),
	(11, 2, 'Password Reset', 'Password Reset for ሙሉ ጎጃም (ID: 8)', '::1', '2026-04-07 09:26:48', '2026-04-07 09:26:48'),
	(12, 2, 'Password Reset', 'Password Reset for እመቤት ከበደ (ID: 7)', '::1', '2026-04-07 09:27:43', '2026-04-07 09:27:43'),
	(13, 2, 'User Update', 'Updated user: እመቤት ከበደ (ID: 7)', '::1', '2026-04-07 09:27:51', '2026-04-07 09:27:51'),
	(14, 2, 'User Update', 'Updated user: እመቤት ከበደ (ID: 7)', '::1', '2026-04-07 09:27:57', '2026-04-07 09:27:57'),
	(15, 2, 'User Update', 'Updated user: እመቤት ከበደ (ID: 7)', '::1', '2026-04-07 09:28:02', '2026-04-07 09:28:02'),
	(16, 7, 'Login', 'User logged into the system', '::1', '2026-04-07 09:28:47', '2026-04-07 09:28:47'),
	(17, 2, 'Login', 'User logged into the system', '::1', '2026-04-07 09:31:00', '2026-04-07 09:31:00'),
	(18, 2, 'Login', 'User logged into the system', '::1', '2026-04-07 09:54:08', '2026-04-07 09:54:08'),
	(19, 2, 'Login', 'User logged into the system', '::1', '2026-04-07 19:52:40', '2026-04-07 19:52:40'),
	(20, 7, 'Login', 'User logged into the system', '::1', '2026-04-07 19:53:47', '2026-04-07 19:53:47'),
	(21, 7, 'Login', 'User logged into the system', '::1', '2026-04-08 06:13:33', '2026-04-08 06:13:33'),
	(22, 7, 'Login', 'User logged into the system', '::1', '2026-04-08 09:19:45', '2026-04-08 09:19:45'),
	(23, 2, 'Login', 'User logged into the system', '::1', '2026-04-08 10:04:38', '2026-04-08 10:04:38'),
	(24, 2, 'Login', 'User logged into the system', '::1', '2026-04-08 17:51:58', '2026-04-08 17:51:58'),
	(25, 7, 'Login', 'User logged into the system', '::1', '2026-04-08 17:55:16', '2026-04-08 17:55:16'),
	(26, 2, 'Login', 'User logged into the system', '::1', '2026-04-08 21:04:07', '2026-04-08 21:04:07'),
	(27, 2, 'Password Reset', 'Password Reset for ታደሰ በቀለ (ID: 9)', '::1', '2026-04-08 21:05:33', '2026-04-08 21:05:33'),
	(28, 2, 'Password Reset', 'Password Reset for ሙሉ ጎጃም (ID: 8)', '::1', '2026-04-08 21:05:40', '2026-04-08 21:05:40'),
	(29, 8, 'Login', 'User logged into the system', '::1', '2026-04-08 21:06:07', '2026-04-08 21:06:07'),
	(30, 7, 'Login', 'User logged into the system', '::1', '2026-04-08 21:06:58', '2026-04-08 21:06:58'),
	(31, 2, 'Login', 'User logged into the system', '::1', '2026-04-08 21:08:46', '2026-04-08 21:08:46'),
	(32, 7, 'Login', 'User logged into the system', '::1', '2026-04-08 21:30:46', '2026-04-08 21:30:46'),
	(33, 2, 'Login', 'User logged into the system', '::1', '2026-04-08 21:41:02', '2026-04-08 21:41:02'),
	(34, 2, 'User Registration', 'Registered new user: Yilkal Getnet as Deputy General Manager', '::1', '2026-04-08 22:26:10', '2026-04-08 22:26:10'),
	(35, 12, 'Login', 'User logged into the system', '::1', '2026-04-08 22:26:29', '2026-04-08 22:26:29'),
	(36, 12, 'Security', 'User updated their password via Profile Manager.', '::1', '2026-04-08 22:28:32', '2026-04-08 22:28:32'),
	(37, 12, 'Login', 'User logged into the system', '::1', '2026-04-08 22:29:01', '2026-04-08 22:29:01'),
	(38, 2, 'Login', 'User logged into the system', '::1', '2026-04-09 05:24:21', '2026-04-09 05:24:21'),
	(39, 2, 'Login', 'User logged into the system', '::1', '2026-04-09 06:51:25', '2026-04-09 06:51:25'),
	(40, 12, 'Login', 'User logged into the system', '::1', '2026-04-09 07:12:27', '2026-04-09 07:12:27'),
	(41, 2, 'Login', 'User logged into the system', '::1', '2026-04-09 07:27:40', '2026-04-09 07:27:40'),
	(42, 2, 'User Update', 'Updated user: Yilkal Bedlu (ID: 2)', '::1', '2026-04-09 07:41:23', '2026-04-09 07:41:23'),
	(43, 2, 'User Update', 'Updated user: ሙሉ ጎጃም (ID: 8)', '::1', '2026-04-09 07:45:57', '2026-04-09 07:45:57'),
	(44, 2, 'User Update', 'Updated user: አስማማው አንተነህ (ID: 6)', '::1', '2026-04-09 07:46:57', '2026-04-09 07:46:57'),
	(45, 2, 'Password Reset', 'Password Reset for አስማማው አንተነህ (ID: 6)', '::1', '2026-04-09 07:47:23', '2026-04-09 07:47:23'),
	(46, 2, 'Password Reset', 'Password Reset for ካሳሁን ዋሴ (ID: 4)', '::1', '2026-04-09 07:47:34', '2026-04-09 07:47:34'),
	(47, 2, 'User Update', 'Updated user: እመቤት ከበደ (ID: 7)', '::1', '2026-04-09 07:48:22', '2026-04-09 07:48:22'),
	(48, 2, 'Password Reset', 'Password Reset for ዮናስ አለሙ (ID: 5)', '::1', '2026-04-09 07:48:56', '2026-04-09 07:48:56'),
	(49, 4, 'Login', 'User logged into the system', '::1', '2026-04-09 07:49:35', '2026-04-09 07:49:35'),
	(50, 2, 'Login', 'User logged into the system', '::1', '2026-04-09 07:52:44', '2026-04-09 07:52:44'),
	(51, 6, 'Login', 'User logged into the system', '::1', '2026-04-09 07:59:11', '2026-04-09 07:59:11'),
	(52, 7, 'Login', 'User logged into the system', '::1', '2026-04-09 08:22:37', '2026-04-09 08:22:37'),
	(53, 6, 'Login', 'User logged into the system', '::1', '2026-04-09 08:30:31', '2026-04-09 08:30:31'),
	(54, 7, 'Login', 'User logged into the system', '::1', '2026-04-09 08:31:53', '2026-04-09 08:31:53'),
	(55, 5, 'Login', 'User logged into the system', '::1', '2026-04-09 08:44:27', '2026-04-09 08:44:27'),
	(56, 5, 'Login', 'User logged into the system', '::1', '2026-04-09 08:48:57', '2026-04-09 08:48:57'),
	(57, 12, 'Login', 'User logged into the system', '::1', '2026-04-09 18:21:12', '2026-04-09 18:21:12'),
	(58, 6, 'Login', 'User logged into the system', '::1', '2026-04-09 18:24:31', '2026-04-09 18:24:31'),
	(59, 6, 'Login', 'User logged into the system', '::1', '2026-04-09 18:26:34', '2026-04-09 18:26:34'),
	(60, 12, 'Login', 'User logged into the system', '::1', '2026-04-09 18:33:00', '2026-04-09 18:33:00'),
	(61, 2, 'Login', 'User logged into the system', '::1', '2026-04-09 18:38:12', '2026-04-09 18:38:12'),
	(62, 2, 'Login', 'User logged into the system', '::1', '2026-04-09 18:41:44', '2026-04-09 18:41:44'),
	(63, 2, 'User Update', 'Updated user: Beyene Gebeyaw (ID: 8)', '::1', '2026-04-09 18:44:29', '2026-04-09 18:44:29'),
	(64, 8, 'Login', 'User logged into the system', '::1', '2026-04-09 18:45:14', '2026-04-09 18:45:14'),
	(65, 8, 'Login', 'User logged into the system', '::1', '2026-04-09 19:05:28', '2026-04-09 19:05:28'),
	(66, 2, 'Login', 'User logged into the system', '::1', '2026-04-09 19:07:25', '2026-04-09 19:07:25'),
	(67, 2, 'User Registration', 'Registered new user: Abebe Abebaw as Employee', '::1', '2026-04-09 19:12:03', '2026-04-09 19:12:03'),
	(68, 13, 'Login', 'User logged into the system', '::1', '2026-04-09 19:21:16', '2026-04-09 19:21:16'),
	(69, 2, 'Login', 'User logged into the system', '::1', '2026-04-09 19:55:21', '2026-04-09 19:55:21'),
	(70, 2, 'User Registration', 'Registered new user: DESALEGN ABEBE as Department Manager', '::1', '2026-04-09 19:57:51', '2026-04-09 19:57:51'),
	(71, 2, 'User Registration', 'Registered new user: TEWABE GETU as Department Manager', '::1', '2026-04-09 19:59:25', '2026-04-09 19:59:25'),
	(72, 2, 'User Update', 'Updated user: BAHIRU ADMASSIE (ID: 3)', '::1', '2026-04-09 20:02:00', '2026-04-09 20:02:00'),
	(73, 2, 'User Update', 'Updated user: HONELEGN DIRES (ID: 5)', '::1', '2026-04-09 20:03:56', '2026-04-09 20:03:56'),
	(74, 2, 'User Update', 'Updated user: ASCHALEW MULUALEM (ID: 2)', '::1', '2026-04-09 20:56:05', '2026-04-09 20:56:05'),
	(75, 15, 'Login', 'User logged into the system', '::1', '2026-04-09 22:28:16', '2026-04-09 22:28:16'),
	(76, 12, 'Login', 'User logged into the system', '::1', '2026-04-20 21:10:16', '2026-04-20 21:10:16'),
	(77, 2, 'Login', 'User logged into the system', '::1', '2026-04-20 21:11:42', '2026-04-20 21:11:42'),
	(78, 7, 'Login', 'User logged into the system', '::1', '2026-04-20 22:04:06', '2026-04-20 22:04:06'),
	(79, 2, 'Login', 'User logged into the system', '::1', '2026-04-20 22:34:34', '2026-04-20 22:34:34'),
	(80, 2, 'Password Reset Approved', 'Admin approved reset request for: Beyene Gebeyaw (ID: 8)', '::1', '2026-04-20 22:52:52', '2026-04-20 22:52:52'),
	(81, 2, 'Password Reset Approved', 'Admin approved reset request for: Beyene Gebeyaw (ID: 8)', '::1', '2026-04-20 22:55:49', '2026-04-20 22:55:49'),
	(82, 2, 'Password Reset Approved', 'Admin approved reset request for: እመቤት ከበደ (ID: 7)', '::1', '2026-04-20 23:02:53', '2026-04-20 23:02:53'),
	(83, 2, 'Login', 'User logged into the system', '::1', '2026-04-21 11:08:50', '2026-04-21 11:08:50'),
	(84, 2, 'Department Update', 'Updated department: General Management (ID: 1)', '::1', '2026-04-21 11:09:55', '2026-04-21 11:09:55'),
	(85, 2, 'Login', 'User logged into the system', '::1', '2026-04-21 11:11:43', '2026-04-21 11:11:43'),
	(86, 2, 'Login', 'User logged into the system', '::1', '2026-04-21 11:15:11', '2026-04-21 11:15:11'),
	(87, 2, 'Login', 'User logged into the system', '::1', '2026-04-21 11:24:08', '2026-04-21 11:24:08'),
	(88, 2, 'Password Reset', 'Password Reset for Yilkal Getnet', '::1', '2026-04-21 11:24:19', '2026-04-21 11:24:19'),
	(89, 2, 'Password Reset', 'Password Reset for System Admin', '::1', '2026-04-21 11:24:28', '2026-04-21 11:24:28'),
	(90, 16, 'Login', 'User logged into the system', '::1', '2026-04-21 11:24:53', '2026-04-21 11:24:53'),
	(91, 12, 'Login', 'User logged into the system', '::1', '2026-04-21 11:26:42', '2026-04-21 11:26:42'),
	(92, 8, 'Login', 'User logged into the system', '::1', '2026-04-21 11:28:50', '2026-04-21 11:28:50'),
	(93, 9, 'Login', 'User logged into the system', '::1', '2026-04-21 12:23:20', '2026-04-21 12:23:20'),
	(94, 2, 'Login', 'User logged into the system', '::1', '2026-04-21 12:25:51', '2026-04-21 12:25:51'),
	(95, 2, 'User Update', 'Updated user: ታደሰ በቀለ (ID: 9)', '::1', '2026-04-21 12:26:24', '2026-04-21 12:26:24'),
	(96, 9, 'Login', 'User logged into the system', '::1', '2026-04-21 12:27:00', '2026-04-21 12:27:00'),
	(97, 2, 'Login', 'User logged into the system', '::1', '2026-04-21 12:56:06', '2026-04-21 12:56:06'),
	(98, 2, 'User Update', 'Updated user: ታደሰ በቀለ (ID: 9)', '::1', '2026-04-21 12:56:25', '2026-04-21 12:56:25'),
	(99, 9, 'Login', 'User logged into the system', '::1', '2026-04-21 12:56:45', '2026-04-21 12:56:45'),
	(100, 9, 'Login', 'User logged into the system', '::1', '2026-04-21 17:56:48', '2026-04-21 17:56:48'),
	(101, 13, 'Login', 'User logged into the system', '::1', '2026-04-21 19:10:20', '2026-04-21 19:10:20'),
	(102, 2, 'Login', 'User logged into the system', '::1', '2026-04-21 19:12:15', '2026-04-21 19:12:15'),
	(103, 2, 'Password Reset', 'Password Reset for ይልቃል በድሉ', '::1', '2026-04-21 19:12:56', '2026-04-21 19:12:56'),
	(104, 11, 'Login', 'User logged into the system', '::1', '2026-04-21 19:13:23', '2026-04-21 19:13:23'),
	(105, 2, 'Login', 'User logged into the system', '::1', '2026-04-21 19:16:42', '2026-04-21 19:16:42'),
	(106, 2, 'User Registration', 'Registered new user: Hewan Fantahun as Store Keeper', '::1', '2026-04-21 19:19:30', '2026-04-21 19:19:30'),
	(107, 2, 'User Registration', 'Registered new user: Zemenu Asfera as Officer', '::1', '2026-04-21 19:29:53', '2026-04-21 19:29:53'),
	(108, 25, 'Login', 'User logged into the system', '::1', '2026-04-21 19:30:27', '2026-04-21 19:30:27'),
	(109, 6, 'Login', 'User logged into the system', '::1', '2026-04-21 19:34:47', '2026-04-21 19:34:47'),
	(110, 7, 'Login', 'User logged into the system', '::1', '2026-04-21 20:39:42', '2026-04-21 20:39:42'),
	(111, 6, 'Login', 'User logged into the system', '::1', '2026-04-21 20:40:41', '2026-04-21 20:40:41'),
	(112, 5, 'Login', 'User logged into the system', '::1', '2026-04-21 20:43:31', '2026-04-21 20:43:31'),
	(113, 12, 'Login', 'User logged into the system', '::1', '2026-04-21 21:38:13', '2026-04-21 21:38:13'),
	(114, 2, 'Login', 'User logged into the system', '::1', '2026-04-23 06:35:50', '2026-04-23 06:35:50'),
	(115, 12, 'Login', 'User logged into the system', '::1', '2026-04-23 08:27:44', '2026-04-23 08:27:44'),
	(116, 7, 'Login', 'User logged into the system', '192.168.137.168', '2026-04-23 16:33:45', '2026-04-23 16:33:45'),
	(117, 12, 'Login', 'User logged into the system', '::1', '2026-04-23 16:39:39', '2026-04-23 16:39:39'),
	(118, 7, 'Login', 'User logged into the system', '192.168.137.168', '2026-04-23 16:45:30', '2026-04-23 16:45:30'),
	(119, 7, 'Login', 'User logged into the system', '192.168.137.168', '2026-04-23 16:50:34', '2026-04-23 16:50:34'),
	(120, 7, 'Login', 'User logged into the system', '192.168.137.168', '2026-04-23 17:13:13', '2026-04-23 17:13:13'),
	(121, 2, 'Login', 'User logged into the system', '192.168.137.16', '2026-04-23 17:16:32', '2026-04-23 17:16:32'),
	(122, 7, 'Login', 'User logged into the system', '192.168.137.168', '2026-04-23 17:18:22', '2026-04-23 17:18:22'),
	(123, 4, 'Login', 'User logged into the system', '192.168.137.168', '2026-04-23 17:19:24', '2026-04-23 17:19:24'),
	(124, 4, 'Login', 'User logged into the system', '192.168.137.168', '2026-04-23 17:21:59', '2026-04-23 17:21:59'),
	(125, 4, 'Login', 'User logged into the system', '192.168.137.168', '2026-04-23 17:41:42', '2026-04-23 17:41:42'),
	(126, 4, 'Login', 'User logged into the system', '192.168.137.168', '2026-04-23 17:55:21', '2026-04-23 17:55:21'),
	(127, 4, 'Login', 'User logged into the system', '192.168.137.168', '2026-04-23 17:57:58', '2026-04-23 17:57:58'),
	(128, 13, 'Login', 'User logged into the system', '192.168.137.1', '2026-04-23 18:00:51', '2026-04-23 18:00:51'),
	(129, 5, 'Login', 'User logged into the system', '192.168.137.168', '2026-04-23 18:06:37', '2026-04-23 18:06:37'),
	(130, 4, 'Login', 'User logged into the system', '192.168.137.1', '2026-04-23 18:11:05', '2026-04-23 18:11:05'),
	(131, 5, 'Task Created', 'Department Manager (HONELEGN DIRES) created task #2 [Cross-Dept → dept ID 16] | Type: Maintenance | Subject: Repairing machine', '192.168.137.168', '2026-04-23 18:11:28', '2026-04-23 18:11:28'),
	(132, 4, 'Login', 'User logged into the system', '192.168.137.168', '2026-04-23 18:12:34', '2026-04-23 18:12:34'),
	(133, 4, 'Task Update', 'Task #2 changed to In Progress', '192.168.137.1', '2026-04-23 18:13:32', '2026-04-23 18:13:32'),
	(134, 5, 'Login', 'User logged into the system', '192.168.137.168', '2026-04-23 18:20:10', '2026-04-23 18:20:10'),
	(135, 4, 'Login', 'User logged into the system', '192.168.137.168', '2026-04-23 18:20:26', '2026-04-23 18:20:26'),
	(136, 2, 'Login', 'User logged into the system', '192.168.137.16', '2026-04-23 18:25:39', '2026-04-23 18:25:39'),
	(137, 5, 'Login', 'User logged into the system', '192.168.137.168', '2026-04-23 18:27:09', '2026-04-23 18:27:09'),
	(138, 6, 'Login', 'User logged into the system', '192.168.137.16', '2026-04-23 18:27:22', '2026-04-23 18:27:22'),
	(139, 5, 'Task Created', 'Department Manager (HONELEGN DIRES) created task #3 | Type: Daily Production | Subject: production', '192.168.137.168', '2026-04-23 18:33:08', '2026-04-23 18:33:08'),
	(140, 4, 'Login', 'User logged into the system', '192.168.137.168', '2026-04-23 18:44:10', '2026-04-23 18:44:10'),
	(141, 7, 'Login', 'User logged into the system', '192.168.137.168', '2026-04-23 18:44:31', '2026-04-23 18:44:31'),
	(142, 7, 'Login', 'User logged into the system', '192.168.137.168', '2026-04-23 18:49:04', '2026-04-23 18:49:04'),
	(143, 2, 'Login', 'User logged into the system', '192.168.137.16', '2026-04-23 18:49:19', '2026-04-23 18:49:19'),
	(144, 4, 'Login', 'User logged into the system', '192.168.137.168', '2026-04-23 18:49:27', '2026-04-23 18:49:27'),
	(145, 7, 'Login', 'User logged into the system', '192.168.137.168', '2026-04-23 18:49:50', '2026-04-23 18:49:50'),
	(146, 4, 'Login', 'User logged into the system', '192.168.137.168', '2026-04-23 18:51:34', '2026-04-23 18:51:34'),
	(147, 7, 'Login', 'User logged into the system', '192.168.137.168', '2026-04-23 18:52:41', '2026-04-23 18:52:41'),
	(148, 4, 'Login', 'User logged into the system', '192.168.137.168', '2026-04-23 18:54:21', '2026-04-23 18:54:21'),
	(149, 7, 'Login', 'User logged into the system', '192.168.137.168', '2026-04-23 18:55:02', '2026-04-23 18:55:02'),
	(150, 7, 'Login', 'User logged into the system', '192.168.137.168', '2026-04-23 18:56:06', '2026-04-23 18:56:06'),
	(151, 6, 'Login', 'User logged into the system', '192.168.137.16', '2026-04-23 18:57:10', '2026-04-23 18:57:10'),
	(152, 4, 'Login', 'User logged into the system', '192.168.137.168', '2026-04-23 18:58:05', '2026-04-23 18:58:05'),
	(153, 7, 'Login', 'User logged into the system', '192.168.137.168', '2026-04-23 18:58:13', '2026-04-23 18:58:13'),
	(154, 2, 'Login', 'User logged into the system', '192.168.137.16', '2026-04-23 18:58:51', '2026-04-23 18:58:51'),
	(155, 2, 'Login', 'User logged into the system', '192.168.137.16', '2026-04-23 19:00:14', '2026-04-23 19:00:14'),
	(156, 15, 'Login', 'User logged into the system', '192.168.137.168', '2026-04-23 19:01:01', '2026-04-23 19:01:01'),
	(157, 15, 'Task Created', 'Department Manager (TEWABE GETU) created task #4 | Type: Report Preparation | Subject: Prepare report', '192.168.137.168', '2026-04-23 19:11:43', '2026-04-23 19:11:43'),
	(158, 15, 'Login', 'User logged into the system', '192.168.137.168', '2026-04-23 19:12:20', '2026-04-23 19:12:20'),
	(159, 13, 'Login', 'User logged into the system', '192.168.137.1', '2026-04-23 19:12:43', '2026-04-23 19:12:43'),
	(160, 5, 'Login', 'User logged into the system', '192.168.137.168', '2026-04-23 19:13:20', '2026-04-23 19:13:20'),
	(161, 4, 'Login', 'User logged into the system', '192.168.137.168', '2026-04-23 19:14:29', '2026-04-23 19:14:29'),
	(162, 5, 'Login', 'User logged into the system', '192.168.137.168', '2026-04-23 19:14:45', '2026-04-23 19:14:45'),
	(163, 5, 'Task Created', 'Department Manager (HONELEGN DIRES) created task #5 | Type: Quality Check | Subject: cheke it', '192.168.137.168', '2026-04-23 19:16:33', '2026-04-23 19:16:33'),
	(164, 4, 'Login', 'User logged into the system', '192.168.137.168', '2026-04-23 19:16:54', '2026-04-23 19:16:54'),
	(165, 4, 'Login', 'User logged into the system', '192.168.137.168', '2026-04-23 19:23:12', '2026-04-23 19:23:12'),
	(166, 5, 'Login', 'User logged into the system', '192.168.137.168', '2026-04-23 19:23:24', '2026-04-23 19:23:24'),
	(167, 5, 'Login', 'User logged into the system', '192.168.137.168', '2026-04-23 19:24:36', '2026-04-23 19:24:36'),
	(168, 5, 'Login', 'User logged into the system', '192.168.137.168', '2026-04-23 19:32:53', '2026-04-23 19:32:53'),
	(169, 7, 'Login', 'User logged into the system', '192.168.137.168', '2026-04-23 19:33:25', '2026-04-23 19:33:25'),
	(170, 4, 'Login', 'User logged into the system', '192.168.137.168', '2026-04-23 19:35:56', '2026-04-23 19:35:56'),
	(171, 7, 'Login', 'User logged into the system', '192.168.137.168', '2026-04-23 19:38:32', '2026-04-23 19:38:32'),
	(172, 15, 'Login', 'User logged into the system', '192.168.137.168', '2026-04-23 19:39:18', '2026-04-23 19:39:18'),
	(173, 7, 'Login', 'User logged into the system', '192.168.137.168', '2026-04-23 19:44:09', '2026-04-23 19:44:09'),
	(174, 4, 'Login', 'User logged into the system', '192.168.137.168', '2026-04-23 19:44:19', '2026-04-23 19:44:19'),
	(175, 2, 'Login', 'User logged into the system', '::1', '2026-04-26 09:11:19', '2026-04-26 09:11:19'),
	(176, 12, 'Login', 'User logged into the system', '::1', '2026-04-26 09:15:06', '2026-04-26 09:15:06'),
	(177, 2, 'Login', 'User logged into the system', '::1', '2026-04-26 09:17:14', '2026-04-26 09:17:14'),
	(178, 12, 'Login', 'User logged into the system', '::1', '2026-04-26 09:23:43', '2026-04-26 09:23:43'),
	(179, 5, 'Login', 'User logged into the system', '::1', '2026-04-26 09:25:59', '2026-04-26 09:25:59'),
	(180, 7, 'Login', 'User logged into the system', '::1', '2026-04-26 09:29:05', '2026-04-26 09:29:05'),
	(181, 6, 'Login', 'User logged into the system', '::1', '2026-04-26 09:30:04', '2026-04-26 09:30:04'),
	(182, 4, 'Login', 'User logged into the system', '::1', '2026-04-26 09:30:59', '2026-04-26 09:30:59'),
	(183, 12, 'Login', 'User logged into the system', '::1', '2026-04-27 09:03:46', '2026-04-27 09:03:46'),
	(184, 12, 'Login', 'User logged into the system', '::1', '2026-04-27 09:03:51', '2026-04-27 09:03:51'),
	(185, 2, 'Login', 'User logged into the system', '::1', '2026-04-27 09:04:44', '2026-04-27 09:04:44'),
	(186, 2, 'Login', 'User logged into the system', '::1', '2026-04-27 09:30:54', '2026-04-27 09:30:54'),
	(187, 2, 'Login', 'User logged into the system', '::1', '2026-04-27 09:45:18', '2026-04-27 09:45:18'),
	(188, 2, 'Login', 'User logged into the system', '::1', '2026-04-27 09:46:44', '2026-04-27 09:46:44'),
	(189, 7, 'Login', 'User logged into the system', '::1', '2026-04-27 09:50:07', '2026-04-27 09:50:07'),
	(190, 7, 'Urgent Alert', 'Supervisor sent an urgent alert for Task ID: 5', '::1', '2026-04-27 09:50:20', '2026-04-27 09:50:20'),
	(191, 2, 'Login', 'User logged into the system', '::1', '2026-04-27 18:02:34', '2026-04-27 18:02:34'),
	(192, 2, 'Login', 'User logged into the system', '::1', '2026-04-27 19:06:25', '2026-04-27 19:06:25'),
	(193, 12, 'Login', 'User logged into the system', '::1', '2026-04-27 21:48:22', '2026-04-27 21:48:22'),
	(194, 5, 'Login', 'User logged into the system', '::1', '2026-04-27 21:49:11', '2026-04-27 21:49:11'),
	(195, 7, 'Login', 'User logged into the system', '::1', '2026-04-27 22:04:57', '2026-04-27 22:04:57'),
	(196, 6, 'Login', 'User logged into the system', '::1', '2026-04-27 22:05:20', '2026-04-27 22:05:20'),
	(197, 4, 'Login', 'User logged into the system', '::1', '2026-04-27 22:06:09', '2026-04-27 22:06:09'),
	(198, 14, 'Login', 'User logged into the system', '::1', '2026-04-27 22:08:13', '2026-04-27 22:08:13'),
	(199, 9, 'Login', 'User logged into the system', '::1', '2026-04-27 22:15:19', '2026-04-27 22:15:19'),
	(200, 5, 'Login', 'User logged into the system', '::1', '2026-04-28 18:32:19', '2026-04-28 18:32:19'),
	(201, 7, 'Login', 'User logged into the system', '::1', '2026-04-28 20:44:44', '2026-04-28 20:44:44'),
	(202, 6, 'Login', 'User logged into the system', '::1', '2026-04-28 20:46:14', '2026-04-28 20:46:14'),
	(203, 12, 'Login', 'User logged into the system', '::1', '2026-04-30 12:07:48', '2026-04-30 12:07:48'),
	(204, 2, 'Login', 'User logged into the system', '::1', '2026-04-30 12:39:42', '2026-04-30 12:39:42'),
	(205, 5, 'Login', 'User logged into the system', '::1', '2026-04-30 12:46:48', '2026-04-30 12:46:48'),
	(206, 5, 'Task Created', 'Created internal task #6', '::1', '2026-04-30 12:52:03', '2026-04-30 12:52:03'),
	(207, 7, 'Login', 'User logged into the system', '::1', '2026-04-30 12:54:11', '2026-04-30 12:54:11'),
	(208, 7, 'Urgent Alert', 'Supervisor sent an urgent alert for Task ID: 6', '::1', '2026-04-30 12:55:15', '2026-04-30 12:55:15'),
	(209, 6, 'Login', 'User logged into the system', '::1', '2026-04-30 12:56:45', '2026-04-30 12:56:45'),
	(210, 4, 'Login', 'User logged into the system', '::1', '2026-04-30 13:01:46', '2026-04-30 13:01:46'),
	(211, 7, 'Login', 'User logged into the system', '::1', '2026-04-30 18:14:41', '2026-04-30 18:14:41'),
	(212, 7, 'Urgent Alert', 'Sent alert to specific Shift Leader (ID: 7) for Task #6', '::1', '2026-04-30 18:35:51', '2026-04-30 18:35:51'),
	(213, 7, 'Login', 'User logged into the system', '::1', '2026-05-01 18:56:14', '2026-05-01 18:56:14'),
	(214, 7, 'Generate Report', 'Generated monthly supervisor report for manager.', '::1', '2026-05-01 20:32:57', '2026-05-01 20:32:57'),
	(215, 7, 'Generate Report', 'Generated monthly supervisor report for manager.', '::1', '2026-05-01 20:49:11', '2026-05-01 20:49:11'),
	(216, 7, 'Create Task', 'Created task #7 \'ጋርመንት ስራ\' with priority Normal and deadline 2026-05-03 00:47:00', '::1', '2026-05-01 21:47:36', '2026-05-01 21:47:36'),
	(217, 6, 'Login', 'User logged into the system', '::1', '2026-05-01 21:48:48', '2026-05-01 21:48:48'),
	(218, 6, 'Assign Task', 'Shift Leader assigned task #7 to employee ID: 4', '::1', '2026-05-01 21:49:18', '2026-05-01 21:49:18'),
	(219, 4, 'Login', 'User logged into the system', '::1', '2026-05-01 21:50:08', '2026-05-01 21:50:08'),
	(220, 7, 'Login', 'User logged into the system', '::1', '2026-05-01 21:50:46', '2026-05-01 21:50:46'),
	(221, 7, 'Generate Report', 'Generated daily supervisor report for manager.', '::1', '2026-05-01 21:55:02', '2026-05-01 21:55:02'),
	(222, 5, 'Login', 'User logged into the system', '::1', '2026-05-01 21:55:52', '2026-05-01 21:55:52'),
	(223, 7, 'Login', 'User logged into the system', '::1', '2026-05-01 22:05:10', '2026-05-01 22:05:10'),
	(224, 7, 'Generate Report', 'Generated daily supervisor report for manager.', '::1', '2026-05-01 22:13:09', '2026-05-01 22:13:09'),
	(225, 7, 'Login', 'User logged into the system', '::1', '2026-05-02 10:41:50', '2026-05-02 10:41:50'),
	(226, 7, 'Login', 'User logged into the system', '::1', '2026-05-02 17:22:38', '2026-05-02 17:22:38'),
	(227, 7, 'Create Task', 'Created task #8 \'ጋርመንት ማሽን\' with priority Emergency', '::1', '2026-05-02 17:56:30', '2026-05-02 17:56:30'),
	(228, 7, 'Create Task', 'Created task #9 \'ጋርመንት ማሽን\' with priority Normal', '::1', '2026-05-02 18:02:57', '2026-05-02 18:02:57'),
	(229, 7, 'Generate Report', 'Generated daily supervisor report for manager.', '::1', '2026-05-02 18:20:48', '2026-05-02 18:20:48'),
	(230, 8, 'Login', 'User logged into the system', '::1', '2026-05-02 18:31:30', '2026-05-02 18:31:30'),
	(231, 7, 'Login', 'User logged into the system', '::1', '2026-05-02 18:33:40', '2026-05-02 18:33:40'),
	(232, 7, 'Assign Task', 'Assigned task #9 to user #8', '::1', '2026-05-02 18:50:14', '2026-05-02 18:50:14'),
	(233, 7, 'Assign Task', 'Assigned task #8 to user #8', '::1', '2026-05-02 18:50:28', '2026-05-02 18:50:28'),
	(234, 8, 'Login', 'User logged into the system', '::1', '2026-05-02 18:51:01', '2026-05-02 18:51:01'),
	(235, 7, 'Login', 'User logged into the system', '::1', '2026-05-02 19:00:03', '2026-05-02 19:00:03'),
	(236, 7, 'Generate Report', 'Generated daily supervisor report for manager.', '::1', '2026-05-02 19:06:57', '2026-05-02 19:06:57'),
	(237, 6, 'Login', 'User logged into the system', '::1', '2026-05-02 21:24:26', '2026-05-02 21:24:26'),
	(238, 6, 'Login', 'User logged into the system', '::1', '2026-05-04 16:57:27', '2026-05-04 16:57:27'),
	(239, 6, 'Login', 'User logged into the system', '::1', '2026-05-04 17:17:23', '2026-05-04 17:17:23'),
	(240, 7, 'Login', 'User logged into the system', '::1', '2026-05-04 17:17:40', '2026-05-04 17:17:40'),
	(241, 6, 'Login', 'User logged into the system', '::1', '2026-05-04 18:12:45', '2026-05-04 18:12:45'),
	(242, 6, 'Login', 'User logged into the system', '::1', '2026-05-04 18:22:39', '2026-05-04 18:22:39'),
	(243, 7, 'Login', 'User logged into the system', '::1', '2026-05-04 18:56:12', '2026-05-04 18:56:12'),
	(244, 6, 'Login', 'User logged into the system', '::1', '2026-05-04 19:25:00', '2026-05-04 19:25:00'),
	(245, 6, 'Login', 'User logged into the system', '::1', '2026-05-04 20:07:24', '2026-05-04 20:07:24'),
	(246, 7, 'Login', 'User logged into the system', '::1', '2026-05-04 20:50:03', '2026-05-04 20:50:03'),
	(247, 7, 'Create Task', 'Created task #10 \'Daily Garment production\' with priority Normal and deadline 2026-05-06 00:03:00', '::1', '2026-05-04 21:03:27', '2026-05-04 21:03:27'),
	(248, 7, 'Assign Task', 'Assigned task #10 to user #6', '::1', '2026-05-04 21:03:47', '2026-05-04 21:03:47'),
	(249, 6, 'Login', 'User logged into the system', '::1', '2026-05-04 21:04:03', '2026-05-04 21:04:03'),
	(250, 6, 'Login', 'User logged into the system', '::1', '2026-05-05 06:30:52', '2026-05-05 06:30:52'),
	(251, 6, 'Login', 'User logged into the system', '::1', '2026-05-05 06:53:09', '2026-05-05 06:53:09'),
	(252, 7, 'Login', 'User logged into the system', '::1', '2026-05-05 07:17:08', '2026-05-05 07:17:08'),
	(253, 7, 'Create Task', 'Created task #11 \'Production of 5,000 Cotton T-Shirts (Batch #CT-2026-051)\' with priority High and deadline 2026-05-12 10:28:00', '::1', '2026-05-05 07:28:39', '2026-05-05 07:28:39'),
	(254, 7, 'Assign Task', 'Assigned task #11 to user #6', '::1', '2026-05-05 07:28:58', '2026-05-05 07:28:58'),
	(255, 6, 'Login', 'User logged into the system', '::1', '2026-05-05 07:29:12', '2026-05-05 07:29:12'),
	(256, 6, 'Login', 'User logged into the system', '::1', '2026-05-05 07:50:07', '2026-05-05 07:50:07'),
	(257, 6, 'TASK_ASSIGNMENT', 'Task #11 delegated to ካሳሁን ዋሴ', '::1', '2026-05-05 07:52:36', '2026-05-05 07:52:36'),
	(258, 6, 'Login', 'User logged into the system', '::1', '2026-05-05 08:35:03', '2026-05-05 08:35:03'),
	(259, 6, 'Login', 'User logged into the system', '::1', '2026-05-05 08:51:06', '2026-05-05 08:51:06'),
	(260, 6, 'Login', 'User logged into the system', '::1', '2026-05-06 16:44:00', '2026-05-06 16:44:00'),
	(261, 4, 'Login', 'User logged into the system', '::1', '2026-05-06 17:11:27', '2026-05-06 17:11:27'),
	(262, 6, 'Login', 'User logged into the system', '::1', '2026-05-06 17:19:52', '2026-05-06 17:19:52'),
	(263, 4, 'Login', 'User logged into the system', '::1', '2026-05-06 17:20:32', '2026-05-06 17:20:32'),
	(264, 6, 'Login', 'User logged into the system', '::1', '2026-05-06 17:23:55', '2026-05-06 17:23:55'),
	(265, 4, 'Login', 'User logged into the system', '::1', '2026-05-06 17:24:30', '2026-05-06 17:24:30'),
	(266, 6, 'Login', 'User logged into the system', '::1', '2026-05-06 18:41:10', '2026-05-06 18:41:10'),
	(267, 6, 'TASK_ASSIGNMENT', 'Task #10 delegated to ካሳሁን ዋሴ', '::1', '2026-05-06 18:41:35', '2026-05-06 18:41:35'),
	(268, 6, 'TASK_ASSIGNMENT', 'Task #3 delegated to ካሳሁን ዋሴ', '::1', '2026-05-06 18:41:44', '2026-05-06 18:41:44'),
	(269, 4, 'Login', 'User logged into the system', '::1', '2026-05-06 18:42:20', '2026-05-06 18:42:20'),
	(270, 6, 'Login', 'User logged into the system', '::1', '2026-05-06 19:06:07', '2026-05-06 19:06:07'),
	(271, 4, 'Login', 'User logged into the system', '::1', '2026-05-06 19:12:22', '2026-05-06 19:12:22'),
	(272, 4, 'Task Update', 'Task #11 submitted for verification', '::1', '2026-05-06 20:31:59', '2026-05-06 20:31:59'),
	(273, 5, 'Login', 'User logged into the system', '::1', '2026-05-06 20:33:17', '2026-05-06 20:33:17'),
	(274, 4, 'Login', 'User logged into the system', '::1', '2026-05-06 20:34:23', '2026-05-06 20:34:23'),
	(275, 6, 'Login', 'User logged into the system', '::1', '2026-05-06 20:34:55', '2026-05-06 20:34:55'),
	(276, 8, 'Login', 'User logged into the system', '::1', '2026-05-06 20:35:57', '2026-05-06 20:35:57'),
	(277, 12, 'Login', 'User logged into the system', '::1', '2026-05-06 20:37:18', '2026-05-06 20:37:18'),
	(278, 2, 'Login', 'User logged into the system', '::1', '2026-05-06 20:38:20', '2026-05-06 20:38:20'),
	(279, 9, 'Login', 'User logged into the system', '::1', '2026-05-06 20:39:11', '2026-05-06 20:39:11'),
	(280, 4, 'Login', 'User logged into the system', '::1', '2026-05-06 21:01:54', '2026-05-06 21:01:54'),
	(281, 12, 'Login', 'User logged into the system', '::1', '2026-05-07 10:17:01', '2026-05-07 10:17:01'),
	(282, 7, 'Login', 'User logged into the system', '::1', '2026-05-07 10:56:15', '2026-05-07 10:56:15'),
	(283, 7, 'Delegate Authority', 'Delegated authority to user #6 (አስማማው አንተነህ) with notes: ለሁለት ቀን የኔን ስራ ጭምር ሸፍነህ እንድጸራ', '::1', '2026-05-07 10:59:42', '2026-05-07 10:59:42'),
	(284, 6, 'Login', 'User logged into the system', '::1', '2026-05-07 11:00:05', '2026-05-07 11:00:05'),
	(285, 12, 'Login', 'User logged into the system', '::1', '2026-05-07 11:15:54', '2026-05-07 11:15:54'),
	(286, 2, 'Login', 'User logged into the system', '::1', '2026-05-07 11:29:14', '2026-05-07 11:29:14'),
	(287, 2, 'User Registration', 'Registered new user: SAMUEL TEGEGN as Department Manager', '::1', '2026-05-07 11:32:31', '2026-05-07 11:32:31'),
	(288, 12, 'Login', 'User logged into the system', '::1', '2026-05-07 11:32:46', '2026-05-07 11:32:46'),
	(289, 5, 'Login', 'User logged into the system', '::1', '2026-05-07 12:47:37', '2026-05-07 12:47:37'),
	(290, 5, 'Login', 'User logged into the system', '::1', '2026-05-07 17:13:55', '2026-05-07 17:13:55'),
	(291, 7, 'Login', 'User logged into the system', '::1', '2026-05-07 19:20:24', '2026-05-07 19:20:24'),
	(292, 5, 'Login', 'User logged into the system', '::1', '2026-05-07 19:21:03', '2026-05-07 19:21:03'),
	(293, 7, 'Login', 'User logged into the system', '::1', '2026-05-07 19:52:48', '2026-05-07 19:52:48'),
	(294, 5, 'Login', 'User logged into the system', '::1', '2026-05-07 19:55:04', '2026-05-07 19:55:04'),
	(295, 7, 'Login', 'User logged into the system', '::1', '2026-05-07 20:14:26', '2026-05-07 20:14:26'),
	(296, 5, 'Login', 'User logged into the system', '::1', '2026-05-07 20:19:08', '2026-05-07 20:19:08'),
	(297, 7, 'Login', 'User logged into the system', '::1', '2026-05-07 20:49:08', '2026-05-07 20:49:08'),
	(298, 2, 'Login', 'User logged into the system', '::1', '2026-05-07 21:04:25', '2026-05-07 21:04:25'),
	(299, 12, 'Login', 'User logged into the system', '::1', '2026-05-07 21:13:00', '2026-05-07 21:13:00'),
	(300, 12, 'Login', 'User logged into the system', '::1', '2026-05-08 08:40:28', '2026-05-08 08:40:28'),
	(301, 5, 'Login', 'User logged into the system', '::1', '2026-05-08 08:49:27', '2026-05-08 08:49:27'),
	(302, 12, 'Login', 'User logged into the system', '::1', '2026-05-08 08:49:49', '2026-05-08 08:49:49'),
	(303, 2, 'Login', 'User logged into the system', '::1', '2026-05-08 08:59:25', '2026-05-08 08:59:25'),
	(304, 12, 'Login', 'User logged into the system', '::1', '2026-05-08 09:00:30', '2026-05-08 09:00:30'),
	(305, 2, 'Login', 'User logged into the system', '::1', '2026-05-08 09:08:56', '2026-05-08 09:08:56'),
	(306, 12, 'Login', 'User logged into the system', '::1', '2026-05-08 09:10:11', '2026-05-08 09:10:11'),
	(307, 2, 'Login', 'User logged into the system', '::1', '2026-05-08 09:19:33', '2026-05-08 09:19:33'),
	(308, 12, 'Login', 'User logged into the system', '::1', '2026-05-08 10:03:08', '2026-05-08 10:03:08'),
	(309, 2, 'Login', 'User logged into the system', '::1', '2026-05-08 10:03:57', '2026-05-08 10:03:57'),
	(310, 12, 'Login', 'User logged into the system', '::1', '2026-05-08 10:04:45', '2026-05-08 10:04:45'),
	(311, 5, 'Login', 'User logged into the system', '::1', '2026-05-08 10:05:37', '2026-05-08 10:05:37'),
	(312, 12, 'Login', 'User logged into the system', '::1', '2026-05-08 10:06:20', '2026-05-08 10:06:20'),
	(313, 5, 'Login', 'User logged into the system', '::1', '2026-05-08 10:06:43', '2026-05-08 10:06:43'),
	(314, 7, 'Login', 'User logged into the system', '::1', '2026-05-08 10:07:37', '2026-05-08 10:07:37'),
	(315, 7, 'Delegate Authority', 'Delegated authority to user #6 (አስማማው አንተነህ) with notes: qsugxgisqh hwshbisqb uixhsqhx wuissnwjo isjsw', '::1', '2026-05-08 10:08:21', '2026-05-08 10:08:21'),
	(316, 5, 'Login', 'User logged into the system', '::1', '2026-05-08 10:08:44', '2026-05-08 10:08:44'),
	(317, 6, 'Login', 'User logged into the system', '::1', '2026-05-08 10:09:48', '2026-05-08 10:09:48'),
	(318, 12, 'Login', 'User logged into the system', '::1', '2026-05-08 10:36:54', '2026-05-08 10:36:54'),
	(319, 12, 'Authority Delegation', 'User (ID: 12) delegated authority to User (ID: 5). Note: ggyuhujgki ghjkl hgjk hgjkl oiug dfgghkjl ouiyyterwetg kiuyfghj oiuyutyjlkm ', '::1', '2026-05-08 10:38:35', '2026-05-08 10:38:35'),
	(320, 5, 'Login', 'User logged into the system', '::1', '2026-05-08 10:38:52', '2026-05-08 10:38:52'),
	(321, 5, 'Login', 'User logged into the system', '::1', '2026-05-08 10:38:52', '2026-05-08 10:38:52'),
	(322, 2, 'Login', 'User logged into the system', '::1', '2026-05-08 10:41:04', '2026-05-08 10:41:04'),
	(323, 5, 'Login', 'User logged into the system', '::1', '2026-05-08 10:43:17', '2026-05-08 10:43:17'),
	(324, 12, 'Login', 'User logged into the system', '::1', '2026-05-08 10:44:19', '2026-05-08 10:44:19'),
	(325, 12, 'Authority Reclaimed', 'User (ID: 12) reclaimed authority. Delegation ID: 10', '::1', '2026-05-08 10:44:44', '2026-05-08 10:44:44'),
	(326, 2, 'Login', 'User logged into the system', '::1', '2026-05-08 10:45:02', '2026-05-08 10:45:02'),
	(327, 4, 'Login', 'User logged into the system', '::1', '2026-05-08 10:45:54', '2026-05-08 10:45:54'),
	(328, 6, 'Login', 'User logged into the system', '::1', '2026-05-08 10:46:49', '2026-05-08 10:46:49'),
	(329, 2, 'Login', 'User logged into the system', '::1', '2026-05-08 16:32:29', '2026-05-08 16:32:29'),
	(330, 4, 'Login', 'User logged into the system', '::1', '2026-05-08 16:33:09', '2026-05-08 16:33:09'),
	(331, 6, 'Login', 'User logged into the system', '::1', '2026-05-08 18:44:58', '2026-05-08 18:44:58'),
	(332, 7, 'Login', 'User logged into the system', '::1', '2026-05-08 18:45:30', '2026-05-08 18:45:30'),
	(333, 4, 'Login', 'User logged into the system', '::1', '2026-05-08 18:55:56', '2026-05-08 18:55:56'),
	(334, 6, 'Login', 'User logged into the system', '::1', '2026-05-08 19:09:48', '2026-05-08 19:09:48'),
	(335, 6, 'TASK_ESCALATED', 'Task #11 (Production of 5,000 Cotton T-Shirts (Batch #CT-2026-051)) escalated to Supervisor(s): እመቤት ከበደ. Reason: please do complete fully', '::1', '2026-05-08 19:12:39', '2026-05-08 19:12:39'),
	(336, 6, 'TASK_ESCALATED', 'Task #11 (Production of 5,000 Cotton T-Shirts (Batch #CT-2026-051)) escalated to Supervisor(s): እመቤት ከበደ. Reason: please do complete fully', '::1', '2026-05-08 20:01:46', '2026-05-08 20:01:46'),
	(337, 6, 'TASK_ESCALATED', 'Task #11 (Production of 5,000 Cotton T-Shirts (Batch #CT-2026-051)) escalated to Supervisor(s): እመቤት ከበደ. Reason: please do complete fully', '::1', '2026-05-08 20:32:27', '2026-05-08 20:32:27'),
	(338, 12, 'Login', 'User logged into the system', '::1', '2026-05-08 20:34:47', '2026-05-08 20:34:47'),
	(339, 6, 'Login', 'User logged into the system', '::1', '2026-05-09 07:57:40', '2026-05-09 07:57:40'),
	(340, 2, 'Login', 'User logged into the system', '::1', '2026-05-09 08:08:24', '2026-05-09 08:08:24'),
	(341, 12, 'Login', 'User logged into the system', '::1', '2026-05-09 08:09:42', '2026-05-09 08:09:42'),
	(342, 5, 'Login', 'User logged into the system', '::1', '2026-05-09 08:13:11', '2026-05-09 08:13:11'),
	(343, 5, 'Login', 'User logged into the system', '::1', '2026-05-09 08:20:33', '2026-05-09 08:20:33'),
	(344, 12, 'Login', 'User logged into the system', '::1', '2026-05-09 08:21:50', '2026-05-09 08:21:50'),
	(345, 12, 'Login', 'User logged into the system', '::1', '2026-05-09 08:47:29', '2026-05-09 08:47:29'),
	(346, 2, 'Login', 'User logged into the system', '192.168.137.152', '2026-05-09 09:18:53', '2026-05-09 09:18:53'),
	(347, 2, 'Login', 'User logged into the system', '192.168.137.152', '2026-05-09 09:20:21', '2026-05-09 09:20:21'),
	(348, 12, 'Login', 'User logged into the system', '192.168.137.152', '2026-05-09 09:23:11', '2026-05-09 09:23:11'),
	(349, 5, 'Login', 'User logged into the system', '192.168.137.152', '2026-05-09 09:24:53', '2026-05-09 09:24:53'),
	(350, 4, 'Login', 'User logged into the system', '192.168.137.152', '2026-05-09 09:27:18', '2026-05-09 09:27:18'),
	(351, 4, 'Login', 'User logged into the system', '192.168.137.1', '2026-05-09 09:28:30', '2026-05-09 09:28:30'),
	(352, 2, 'Login', 'User logged into the system', '192.168.137.152', '2026-05-09 09:29:55', '2026-05-09 09:29:55'),
	(353, 9, 'Login', 'User logged into the system', '192.168.137.1', '2026-05-09 09:31:28', '2026-05-09 09:31:28'),
	(354, 13, 'Login', 'User logged into the system', '192.168.137.1', '2026-05-09 09:35:53', '2026-05-09 09:35:53'),
	(355, 25, 'Login', 'User logged into the system', '192.168.137.1', '2026-05-09 09:39:21', '2026-05-09 09:39:21'),
	(356, 24, 'Login', 'User logged into the system', '192.168.137.1', '2026-05-09 09:40:28', '2026-05-09 09:40:28'),
	(357, 26, 'Login', 'User logged into the system', '192.168.137.1', '2026-05-09 09:41:08', '2026-05-09 09:41:08'),
	(358, 12, 'Login', 'User logged into the system', '::1', '2026-05-10 17:52:28', '2026-05-10 17:52:28'),
	(359, 4, 'Login', 'User logged into the system', '::1', '2026-05-10 18:17:08', '2026-05-10 18:17:08');

-- Dumping structure for table bdtsc_db.daily_reports
CREATE TABLE IF NOT EXISTS `daily_reports` (
  `id` int NOT NULL AUTO_INCREMENT,
  `dept_id` int NOT NULL,
  `created_by` int NOT NULL,
  `shift_type` varchar(20) CHARACTER SET utf8mb4 COLLATE utf8mb4_general_ci NOT NULL,
  `report_summary` text CHARACTER SET utf8mb4 COLLATE utf8mb4_general_ci NOT NULL,
  `total_tasks` int NOT NULL DEFAULT '0',
  `completed_tasks` int NOT NULL DEFAULT '0',
  `blocked_tasks` int NOT NULL DEFAULT '0',
  `created_at` timestamp NOT NULL DEFAULT CURRENT_TIMESTAMP,
  PRIMARY KEY (`id`),
  KEY `dept_id` (`dept_id`),
  KEY `created_by` (`created_by`)
) ENGINE=InnoDB DEFAULT CHARSET=utf8mb4 COLLATE=utf8mb4_general_ci;

-- Dumping data for table bdtsc_db.daily_reports: ~0 rows (approximately)

-- Dumping structure for table bdtsc_db.delegations
CREATE TABLE IF NOT EXISTS `delegations` (
  `id` int NOT NULL AUTO_INCREMENT,
  `delegated_by` int NOT NULL,
  `delegated_to` int NOT NULL,
  `remark` text COLLATE utf8mb4_general_ci,
  `status` enum('Active','Expired','Cancelled') COLLATE utf8mb4_general_ci DEFAULT 'Active',
  `created_at` timestamp NOT NULL DEFAULT CURRENT_TIMESTAMP,
  PRIMARY KEY (`id`),
  KEY `fk_del_by` (`delegated_by`),
  KEY `fk_del_to` (`delegated_to`),
  CONSTRAINT `fk_del_by` FOREIGN KEY (`delegated_by`) REFERENCES `users` (`id`) ON DELETE CASCADE,
  CONSTRAINT `fk_del_to` FOREIGN KEY (`delegated_to`) REFERENCES `users` (`id`) ON DELETE CASCADE
) ENGINE=InnoDB AUTO_INCREMENT=12 DEFAULT CHARSET=utf8mb4 COLLATE=utf8mb4_general_ci;

-- Dumping data for table bdtsc_db.delegations: ~9 rows (approximately)
INSERT INTO `delegations` (`id`, `delegated_by`, `delegated_to`, `remark`, `status`, `created_at`) VALUES
	(1, 5, 7, 'ለ3 ቀን በተቋማዊ ተልዕኮ ምክኛት ስራ ቦታየ ላይ ስለማልገኝ የኔን ቦታ እንድትሸፍንልኝ።', 'Cancelled', '2026-05-07 19:52:16'),
	(2, 12, 5, 'edjlslnf jdnfioj djdfwefjl huhodjldn efejfonj', 'Cancelled', '2026-05-08 08:49:04'),
	(3, 2, 12, 'thqafgjqs jahsljk kjqssl jhs jakajsk/ kajjksxn jajhs.xn', 'Cancelled', '2026-05-08 09:19:50'),
	(4, 2, 12, 'afhsgjaxkaj sjxa', 'Cancelled', '2026-05-08 09:22:55'),
	(5, 2, 12, 'afhsgjaxkaj sjxa', 'Cancelled', '2026-05-08 09:23:01'),
	(6, 2, 12, 'afhsgjaxkaj sjxa', 'Cancelled', '2026-05-08 09:23:17'),
	(7, 2, 12, 'ydftugyb uyihb hijkjjlkl jk;lkjjnm  ghjjhgfg yhguhj', 'Cancelled', '2026-05-08 09:58:21'),
	(8, 12, 5, 'fggjh hjkl hjk jhk hjk jk hj jhk hjjkm hjjj bjnjk ', 'Cancelled', '2026-05-08 10:05:19'),
	(9, 5, 7, 'gjgsjjd shhschjj shjkjksk jkjkjksjsj ', 'Cancelled', '2026-05-08 10:07:21'),
	(10, 12, 5, 'ggyuhujgki ghjkl hgjk hgjkl oiug dfgghkjl ouiyyterwetg kiuyfghj oiuyutyjlkm ', 'Cancelled', '2026-05-08 10:38:35'),
	(11, 5, 7, 'teyughiu dfghjk fhgjhk gjhj fhgj', 'Cancelled', '2026-05-08 10:44:00');

-- Dumping structure for table bdtsc_db.departments
CREATE TABLE IF NOT EXISTS `departments` (
  `id` int NOT NULL AUTO_INCREMENT,
  `dept_name` varchar(100) CHARACTER SET utf8mb4 COLLATE utf8mb4_general_ci NOT NULL,
  `dept_type` enum('Production','Support') CHARACTER SET utf8mb4 COLLATE utf8mb4_general_ci DEFAULT 'Production',
  `description` text CHARACTER SET utf8mb4 COLLATE utf8mb4_general_ci,
  `created_at` timestamp NOT NULL DEFAULT CURRENT_TIMESTAMP,
  PRIMARY KEY (`id`),
  UNIQUE KEY `dept_name` (`dept_name`)
) ENGINE=InnoDB AUTO_INCREMENT=17 DEFAULT CHARSET=utf8mb4 COLLATE=utf8mb4_general_ci;

-- Dumping data for table bdtsc_db.departments: ~16 rows (approximately)
INSERT INTO `departments` (`id`, `dept_name`, `dept_type`, `description`, `created_at`) VALUES
	(1, 'General Management', 'Production', '', '2026-04-04 20:30:03'),
	(2, 'Engineering Department', 'Production', 'ብልሽት ሲያጋጥም ጥገና የሚሰራ ክፍል ነው', '2026-04-04 20:32:14'),
	(3, 'Garment Department', 'Production', 'ተፈትለው ይተዘጋጁት መስራት', '2026-04-04 20:34:13'),
	(4, 'Strategy / Innovation', 'Production', NULL, '2026-04-06 10:32:45'),
	(5, 'Planning', 'Production', NULL, '2026-04-06 10:32:45'),
	(6, 'System Research & Development', 'Production', NULL, '2026-04-06 10:32:45'),
	(7, 'Finance Department', 'Production', 'እያንዳንዱ ወጭ ገቢ መቆጣጠር ', '2026-04-05 09:42:39'),
	(8, 'Spinning Department', 'Production', NULL, '2026-04-06 10:32:45'),
	(9, 'Weaving Department', 'Production', NULL, '2026-04-06 10:32:45'),
	(10, 'Processing Department', 'Production', NULL, '2026-04-06 10:32:45'),
	(11, 'Audit & Inspection', 'Production', NULL, '2026-04-06 10:32:45'),
	(12, 'Human Resource (HR)', 'Production', NULL, '2026-04-06 10:32:45'),
	(13, 'Quality Assurance', 'Production', NULL, '2026-04-06 10:32:45'),
	(14, 'Procurement & Property', 'Production', NULL, '2026-04-06 10:32:45'),
	(15, 'Legal Service', 'Production', NULL, '2026-04-06 10:32:45'),
	(16, 'Engineering', 'Support', NULL, '2026-04-08 22:07:52');

-- Dumping structure for table bdtsc_db.feedback_logs
CREATE TABLE IF NOT EXISTS `feedback_logs` (
  `id` int NOT NULL AUTO_INCREMENT,
  `user_id` int NOT NULL,
  `dept_id` int NOT NULL,
  `task_id` int DEFAULT NULL,
  `category` varchar(100) CHARACTER SET utf8mb4 COLLATE utf8mb4_general_ci NOT NULL,
  `description` text CHARACTER SET utf8mb4 COLLATE utf8mb4_general_ci NOT NULL,
  `status` enum('Pending','Reviewed','Resolved') CHARACTER SET utf8mb4 COLLATE utf8mb4_general_ci NOT NULL DEFAULT 'Pending',
  `created_at` timestamp NOT NULL DEFAULT CURRENT_TIMESTAMP,
  PRIMARY KEY (`id`),
  KEY `user_id` (`user_id`),
  KEY `dept_id` (`dept_id`)
) ENGINE=InnoDB DEFAULT CHARSET=utf8mb4 COLLATE=utf8mb4_general_ci;

-- Dumping data for table bdtsc_db.feedback_logs: ~0 rows (approximately)

-- Dumping structure for table bdtsc_db.maintenance_requests
CREATE TABLE IF NOT EXISTS `maintenance_requests` (
  `id` int NOT NULL AUTO_INCREMENT,
  `task_type` varchar(50) CHARACTER SET utf8mb4 COLLATE utf8mb4_general_ci NOT NULL DEFAULT 'Maintenance',
  `user_id` int DEFAULT NULL,
  `dept_id` int DEFAULT NULL,
  `assigned_to` int DEFAULT NULL,
  `supervisor_id` int DEFAULT NULL,
  `machine_name` varchar(100) CHARACTER SET utf8mb4 COLLATE utf8mb4_general_ci NOT NULL,
  `issue_description` text CHARACTER SET utf8mb4 COLLATE utf8mb4_general_ci NOT NULL,
  `feedback` text CHARACTER SET utf8mb4 COLLATE utf8mb4_general_ci,
  `priority` enum('Normal','Low','Medium','High','Urgent','Emergency') CHARACTER SET utf8mb4 COLLATE utf8mb4_general_ci NOT NULL DEFAULT 'Normal',
  `status` enum('Pending','Pending Approval','Approved','Rejected','Assigned','In Progress','Completed') CHARACTER SET utf8mb4 COLLATE utf8mb4_general_ci NOT NULL DEFAULT 'Pending',
  `created_at` timestamp NOT NULL DEFAULT CURRENT_TIMESTAMP,
  `due_date` datetime DEFAULT NULL,
  `severity` enum('Low','Medium','High') CHARACTER SET utf8mb4 COLLATE utf8mb4_general_ci DEFAULT 'Low',
  `assigned_to_dept` enum('Internal','Engineering') CHARACTER SET utf8mb4 COLLATE utf8mb4_general_ci DEFAULT 'Internal',
  `completion_notes` text CHARACTER SET utf8mb4 COLLATE utf8mb4_general_ci,
  `is_verified` tinyint(1) DEFAULT '0',
  `updated_at` timestamp NOT NULL DEFAULT CURRENT_TIMESTAMP ON UPDATE CURRENT_TIMESTAMP,
  `sender_dept_id` int DEFAULT NULL,
  `receiver_dept_id` int DEFAULT NULL,
  `request_type` enum('Repair','Manpower','Resource','Legal','Maintenance','Administrative','Other') CHARACTER SET utf8mb4 COLLATE utf8mb4_general_ci NOT NULL DEFAULT 'Maintenance',
  `is_read_by_receiver` tinyint(1) NOT NULL DEFAULT '0',
  `title` varchar(255) CHARACTER SET utf8mb4 COLLATE utf8mb4_general_ci DEFAULT NULL,
  `assigned_at` timestamp NULL DEFAULT NULL,
  `completed_at` timestamp NULL DEFAULT NULL,
  `description` text CHARACTER SET utf8mb4 COLLATE utf8mb4_general_ci,
  `deadline` datetime DEFAULT NULL,
  `created_by` int DEFAULT NULL,
  PRIMARY KEY (`id`),
  KEY `user_id` (`user_id`),
  KEY `dept_id` (`dept_id`),
  KEY `fk_mr_assigned_to` (`assigned_to`),
  KEY `fk_mr_created_by` (`created_by`),
  KEY `idx_sender_dept` (`sender_dept_id`),
  KEY `idx_receiver_dept` (`receiver_dept_id`),
  KEY `idx_request_type` (`request_type`),
  KEY `idx_status` (`status`),
  CONSTRAINT `fk_mr_assigned_to` FOREIGN KEY (`assigned_to`) REFERENCES `users` (`id`) ON DELETE SET NULL,
  CONSTRAINT `fk_mr_created_by` FOREIGN KEY (`created_by`) REFERENCES `users` (`id`) ON DELETE SET NULL,
  CONSTRAINT `fk_mr_receiver_dept` FOREIGN KEY (`receiver_dept_id`) REFERENCES `departments` (`id`) ON DELETE SET NULL,
  CONSTRAINT `fk_mr_sender_dept` FOREIGN KEY (`sender_dept_id`) REFERENCES `departments` (`id`) ON DELETE SET NULL,
  CONSTRAINT `maintenance_requests_ibfk_1` FOREIGN KEY (`user_id`) REFERENCES `users` (`id`)
) ENGINE=InnoDB AUTO_INCREMENT=12 DEFAULT CHARSET=utf8mb4 COLLATE=utf8mb4_general_ci;

-- Dumping data for table bdtsc_db.maintenance_requests: ~11 rows (approximately)
INSERT INTO `maintenance_requests` (`id`, `task_type`, `user_id`, `dept_id`, `assigned_to`, `supervisor_id`, `machine_name`, `issue_description`, `feedback`, `priority`, `status`, `created_at`, `due_date`, `severity`, `assigned_to_dept`, `completion_notes`, `is_verified`, `updated_at`, `sender_dept_id`, `receiver_dept_id`, `request_type`, `is_read_by_receiver`, `title`, `assigned_at`, `completed_at`, `description`, `deadline`, `created_by`) VALUES
	(1, 'Production', 4, 2, NULL, NULL, 'Spinning Machine Belt ', 'Spinning Machine Belt Broken', NULL, 'Urgent', 'Completed', '2026-04-04 21:24:55', NULL, 'Low', 'Internal', NULL, 0, '2026-04-20 21:57:14', 2, NULL, 'Maintenance', 0, NULL, NULL, NULL, NULL, NULL, NULL),
	(2, 'Maintenance', 5, 3, 4, NULL, 'Repairing machine', 'please complete  this task.', NULL, 'Normal', 'In Progress', '2026-04-23 18:11:28', '2026-04-23 15:07:00', 'Low', 'Internal', NULL, 0, '2026-04-23 18:13:32', 3, 16, 'Repair', 0, NULL, NULL, NULL, NULL, NULL, NULL),
	(3, 'Daily Production', 5, 3, 4, NULL, 'production', 'please produce', NULL, 'Normal', 'Assigned', '2026-04-23 18:33:08', '2026-04-23 15:30:00', 'Low', 'Internal', NULL, 0, '2026-05-06 18:41:44', 3, 3, 'Administrative', 1, NULL, '2026-05-06 18:41:44', NULL, NULL, NULL, NULL),
	(4, 'Report Preparation', 15, 12, 13, NULL, 'Prepare report', 'please submit report', NULL, 'Normal', 'Assigned', '2026-04-23 19:11:43', '2026-04-23 16:02:00', 'Low', 'Internal', NULL, 0, '2026-04-23 19:11:43', 12, 12, 'Manpower', 1, NULL, NULL, NULL, NULL, NULL, NULL),
	(5, 'Quality Check', 5, 3, 4, NULL, 'cheke it', 'please check production quality', NULL, 'Normal', 'Assigned', '2026-04-23 19:16:33', '2026-04-23 16:15:00', 'Low', 'Internal', NULL, 0, '2026-04-23 19:16:33', 3, 3, 'Manpower', 1, NULL, NULL, NULL, NULL, NULL, NULL),
	(6, 'Daily Production', 5, 3, 7, NULL, 'ጋርመንት ስራ', 'ይህን ስራ ለጥዋት ፈረቃመሪ እንዲሰጥ ይሁን', NULL, 'Normal', 'Assigned', '2026-04-30 12:52:03', '2026-05-01 15:51:00', 'Low', 'Internal', NULL, 0, '2026-04-30 12:52:07', NULL, 3, 'Maintenance', 1, NULL, NULL, NULL, NULL, NULL, NULL),
	(7, 'Daily Production', 7, 3, 4, 7, 'ጋርመንት ስራ', 'ይህን ስራ በግባቡ እንድታስተባብር ስለመጠየቅ\r\nይህን በዛረው እለት ከ1000ኪሎ ግራም በላይ የሆነ ለጋርመንት ስራ የተረከባችሁትን ጥሬ እቃ በነገ ጥዋት ፈረቃችሁ ጨርሳችሁ እንድታስረክቡ', NULL, 'Normal', 'Assigned', '2026-05-01 21:47:36', '2026-05-03 00:47:00', 'Low', 'Internal', NULL, 0, '2026-05-01 21:55:56', 3, 3, 'Maintenance', 1, 'ጋርመንት ስራ', '2026-05-01 21:49:18', NULL, 'ይህን ስራ በግባቡ እንድታስተባብር ስለመጠየቅ\r\nይህን በዛረው እለት ከ1000ኪሎ ግራም በላይ የሆነ ለጋርመንት ስራ የተረከባችሁትን ጥሬ እቃ በነገ ጥዋት ፈረቃችሁ ጨርሳችሁ እንድታስረክቡ', '2026-05-03 00:47:00', 7),
	(8, 'Maintenance', 7, 3, 8, 7, 'ጋርመንት ማሽን', 'የጋርመንት ማሽን ቁጥር 2 ላይ ብልሽት አጋጥሞናል እና በአስቸኳይ ጥገና ስራ እንድትሰሩልን', NULL, 'Emergency', 'Assigned', '2026-05-02 17:56:30', NULL, 'Low', 'Internal', NULL, 0, '2026-05-06 20:33:23', 3, 3, 'Maintenance', 1, 'ጋርመንት ማሽን', '2026-05-02 18:50:28', NULL, 'የጋርመንት ማሽን ቁጥር 2 ላይ ብልሽት አጋጥሞናል እና በአስቸኳይ ጥገና ስራ እንድትሰሩልን', NULL, 7),
	(9, 'Maintenance', 7, 3, 8, 7, 'ጋርመንት ማሽን', 'ጋርመንት ማሽን ቅጥር 7 የመዘግየት ችግር ገጥሞናል እና እንድታስተካክልሉን', NULL, 'Normal', 'Assigned', '2026-05-02 18:02:57', NULL, 'Low', 'Internal', NULL, 0, '2026-05-06 20:33:23', 3, 3, 'Maintenance', 1, 'ጋርመንት ማሽን', '2026-05-02 18:50:14', NULL, 'ጋርመንት ማሽን ቅጥር 7 የመዘግየት ችግር ገጥሞናል እና እንድታስተካክልሉን', NULL, 7),
	(10, 'Daily Production', 7, 3, 4, 7, 'Daily Garment production', 'For all Employees for each tomorrow do the following in morning Shift\r\n 1. each machine worker produce 100 kg production \r\n2. each employee must announce thier work is complete? \r\n3. control and save there worker(labor/other that is support of there work inside them) and send that what hapen on the work', NULL, 'Normal', 'Assigned', '2026-05-04 21:03:27', '2026-05-06 00:03:00', 'Low', 'Internal', NULL, 0, '2026-05-06 20:33:23', 3, 3, 'Maintenance', 1, 'Daily Garment production', '2026-05-06 18:41:35', NULL, 'For all Employees for each tomorrow do the following in morning Shift\r\n 1. each machine worker produce 100 kg production \r\n2. each employee must announce thier work is complete? \r\n3. control and save there worker(labor/other that is support of there work inside them) and send that what hapen on the work', '2026-05-06 00:03:00', 7),
	(11, 'Daily Production', 7, 3, 4, 7, 'Production of 5,000 Cotton T-Shirts (Batch #CT-2026-051)', 'Produce 5,000 high-quality cotton T-shirts based on the approved design specifications and size breakdown (S, M, L, XL).\r\nThe process should include:\r\nFabric cutting according to patterns\r\nStitching and assembly\r\nQuality inspection at each stage\r\nPrinting of brand logo (front side)\r\nFinal finishing and packaging\r\nEnsure compliance with company quality standards and production efficiency targets. Any defects above acceptable tolerance must be reported immediately to the Quality Control unit.', 'ESCALATED: please do complete fully', 'High', 'In Progress', '2026-05-05 07:28:39', '2026-05-12 10:28:00', 'Low', 'Internal', NULL, 0, '2026-05-08 20:32:27', 3, 3, 'Maintenance', 1, 'Production of 5,000 Cotton T-Shirts (Batch #CT-2026-051)', '2026-05-05 07:52:36', NULL, 'Produce 5,000 high-quality cotton T-shirts based on the approved design specifications and size breakdown (S, M, L, XL).\r\nThe process should include:\r\nFabric cutting according to patterns\r\nStitching and assembly\r\nQuality inspection at each stage\r\nPrinting of brand logo (front side)\r\nFinal finishing and packaging\r\nEnsure compliance with company quality standards and production efficiency targets. Any defects above acceptable tolerance must be reported immediately to the Quality Control unit.', '2026-05-12 10:28:00', 7);

-- Dumping structure for table bdtsc_db.notifications
CREATE TABLE IF NOT EXISTS `notifications` (
  `id` int NOT NULL AUTO_INCREMENT,
  `user_id` int DEFAULT NULL,
  `user_role` varchar(50) CHARACTER SET utf8mb4 COLLATE utf8mb4_general_ci DEFAULT NULL,
  `dept_id` int DEFAULT NULL,
  `role_target` varchar(50) CHARACTER SET utf8mb4 COLLATE utf8mb4_general_ci DEFAULT NULL,
  `message` text CHARACTER SET utf8mb4 COLLATE utf8mb4_general_ci NOT NULL,
  `link` varchar(255) CHARACTER SET utf8mb4 COLLATE utf8mb4_general_ci DEFAULT NULL,
  `type` varchar(50) CHARACTER SET utf8mb4 COLLATE utf8mb4_general_ci DEFAULT NULL,
  `created_at` timestamp NOT NULL DEFAULT CURRENT_TIMESTAMP,
  `is_read` tinyint(1) NOT NULL DEFAULT '0',
  PRIMARY KEY (`id`),
  KEY `user_id` (`user_id`),
  KEY `dept_id` (`dept_id`),
  KEY `idx_notif_user_read` (`user_id`,`is_read`)
) ENGINE=InnoDB AUTO_INCREMENT=34 DEFAULT CHARSET=utf8mb4 COLLATE=utf8mb4_general_ci;

-- Dumping data for table bdtsc_db.notifications: ~33 rows (approximately)
INSERT INTO `notifications` (`id`, `user_id`, `user_role`, `dept_id`, `role_target`, `message`, `link`, `type`, `created_at`, `is_read`) VALUES
	(1, NULL, 'Shift Leader', 3, NULL, 'Urgent Alert! Task ID #5 needs immediate attention. Supervisor has requested a quick assignment.', NULL, 'Urgent Alert', '2026-04-27 09:50:20', 0),
	(2, 5, NULL, 3, 'Department Manager', 'New Task Request from Garment Department: ጋርመንት ስራ', NULL, 'task_assignment', '2026-04-30 12:52:03', 0),
	(3, NULL, 'Shift Leader', 3, NULL, 'Urgent Alert! Task ID #6 needs immediate attention. Supervisor has requested a quick assignment.', NULL, 'Urgent Alert', '2026-04-30 12:55:15', 0),
	(4, 7, NULL, 3, NULL, 'Urgent Alert! Task ID #6 needs immediate attention.', NULL, 'Urgent Alert', '2026-04-30 18:35:51', 0),
	(5, NULL, 'Department Manager', 3, NULL, 'General report (monthly): Garment Department: 3 requests, 3 machines, 0 completed, 3 open', NULL, 'Supervisor Report', '2026-05-01 20:32:57', 0),
	(6, NULL, 'Department Manager', 3, NULL, 'General report (monthly): Garment Department: 3 requests, 3 machines, 0 completed, 3 open', NULL, 'Supervisor Report', '2026-05-01 20:49:11', 0),
	(7, 4, NULL, NULL, NULL, 'አዲስ የጥገና ስራ ተሰጥቶዎታል (Task ID: #7)።', NULL, 'Task Assignment', '2026-05-01 21:49:18', 0),
	(8, NULL, 'Department Manager', 3, NULL, 'General report (daily): Garment Department: 1 requests, 1 machines, 0 completed, 1 open', NULL, 'Supervisor Report', '2026-05-01 21:55:02', 0),
	(9, NULL, 'Department Manager', 3, NULL, 'General report (daily): Garment Department: 1 requests, 1 machines, 0 completed, 1 open', NULL, 'Supervisor Report', '2026-05-01 22:13:09', 0),
	(10, NULL, 'Department Manager', 3, NULL, 'General report (daily): Garment Department: 3 requests, 2 machines, 0 completed, 3 open', NULL, 'Supervisor Report', '2026-05-02 18:20:48', 0),
	(11, 8, NULL, 2, NULL, 'አዲስ ስራ ተመድቦልዎታል፡ Request #9', NULL, 'Task Assignment', '2026-05-02 18:50:14', 0),
	(12, 8, NULL, 2, NULL, 'አዲስ ስራ ተመድቦልዎታል፡ Request #8', NULL, 'Task Assignment', '2026-05-02 18:50:28', 0),
	(13, NULL, 'Department Manager', 3, NULL, 'General report (daily): Garment Department: 3 requests, 2 machines, 0 completed, 3 open', NULL, 'Supervisor Report', '2026-05-02 19:06:57', 0),
	(14, 6, NULL, 3, NULL, 'አዲስ ስራ ተመድቦልዎታል፡ Request #10', NULL, 'Task Assignment', '2026-05-04 21:03:47', 0),
	(15, 6, NULL, 3, NULL, 'አዲስ ስራ ተመድቦልዎታል፡ Request #11', NULL, 'Task Assignment', '2026-05-05 07:28:58', 0),
	(16, 4, NULL, 3, NULL, 'A new task has been assigned to you by your Shift Leader.', NULL, 'task_assignment', '2026-05-05 07:52:36', 0),
	(17, 5, NULL, 3, 'Department Manager', 'Shift Leader አስማማው አንተነህ has assigned Task #11 to Employee ካሳሁን ዋሴ.', NULL, 'task_delegation_report', '2026-05-05 07:52:36', 0),
	(18, 7, NULL, 3, 'Supervisor', 'Shift Leader አስማማው አንተነህ has assigned Task #11 to Employee ካሳሁን ዋሴ.', NULL, 'task_delegation_report', '2026-05-05 07:52:36', 0),
	(19, 6, NULL, NULL, NULL, 'Task #2 submitted for verification by employee.', NULL, 'verification_pending', '2026-05-06 17:12:12', 0),
	(20, 4, NULL, 3, NULL, 'A new task has been assigned to you by your Shift Leader.', NULL, 'task_assignment', '2026-05-06 18:41:35', 0),
	(21, 5, NULL, 3, 'Department Manager', 'Shift Leader አስማማው አንተነህ has assigned Task #10 to Employee ካሳሁን ዋሴ.', NULL, 'task_delegation_report', '2026-05-06 18:41:35', 0),
	(22, 7, NULL, 3, 'Supervisor', 'Shift Leader አስማማው አንተነህ has assigned Task #10 to Employee ካሳሁን ዋሴ.', NULL, 'task_delegation_report', '2026-05-06 18:41:35', 0),
	(23, 4, NULL, 3, NULL, 'A new task has been assigned to you by your Shift Leader.', NULL, 'task_assignment', '2026-05-06 18:41:44', 0),
	(24, 5, NULL, 3, 'Department Manager', 'Shift Leader አስማማው አንተነህ has assigned Task #3 to Employee ካሳሁን ዋሴ.', NULL, 'task_delegation_report', '2026-05-06 18:41:44', 0),
	(25, 7, NULL, 3, 'Supervisor', 'Shift Leader አስማማው አንተነህ has assigned Task #3 to Employee ካሳሁን ዋሴ.', NULL, 'task_delegation_report', '2026-05-06 18:41:44', 0),
	(26, 6, NULL, 3, NULL, 'You have been delegated temporary supervisory authority by Supervisor እመቤት ከበደ. Notes: ለሁለት ቀን የኔን ስራ ጭምር ሸፍነህ እንድጸራ', NULL, 'Delegation', '2026-05-07 10:59:42', 0),
	(27, 7, 'Supervisor', 3, 'Supervisor', 'You have been officially delegated authority by HONELEGN DIRES. Check your dashboard for details.', 'delegation_status.php', 'Delegation', '2026-05-08 10:07:21', 0),
	(28, 6, NULL, 3, NULL, 'You have been delegated temporary supervisory authority by Supervisor እመቤት ከበደ. Notes: qsugxgisqh hwshbisqb uixhsqhx wuissnwjo isjsw', NULL, 'Delegation', '2026-05-08 10:08:21', 0),
	(29, 7, 'Supervisor', 3, 'Supervisor', 'You have been officially delegated authority by HONELEGN DIRES. Check your dashboard for details.', 'delegation_status.php', 'Delegation', '2026-05-08 10:44:00', 0),
	(30, 6, NULL, NULL, NULL, 'Task #2 submitted for verification by employee.', NULL, 'verification_pending', '2026-05-08 16:58:12', 0),
	(31, 7, NULL, 3, NULL, '🚨 URGENT ESCALATION from Shift Leader አስማማው አንተነህ (Garment Department):\nTask: "Production of 5,000 Cotton T-Shirts (Batch #CT-2026-051)" (#11)\nIssue: please do complete fully', NULL, 'escalation_urgent', '2026-05-08 19:12:39', 0),
	(32, 7, NULL, 3, NULL, '🚨 URGENT ESCALATION from Shift Leader አስማማው አንተነህ (Garment Department):\nTask: "Production of 5,000 Cotton T-Shirts (Batch #CT-2026-051)" (#11)\nIssue: please do complete fully', NULL, 'escalation_urgent', '2026-05-08 20:01:46', 0),
	(33, 7, NULL, 3, NULL, '🚨 URGENT ESCALATION from Shift Leader አስማማው አንተነህ (Garment Department):\nTask: "Production of 5,000 Cotton T-Shirts (Batch #CT-2026-051)" (#11)\nIssue: please do complete fully', NULL, 'escalation_urgent', '2026-05-08 20:32:27', 0);

-- Dumping structure for table bdtsc_db.production_reports
CREATE TABLE IF NOT EXISTS `production_reports` (
  `id` int NOT NULL AUTO_INCREMENT,
  `user_id` int NOT NULL,
  `dept_id` int NOT NULL,
  `machine_name` varchar(100) CHARACTER SET utf8mb4 COLLATE utf8mb4_general_ci NOT NULL,
  `quantity_produced` decimal(10,2) NOT NULL,
  `unit` varchar(20) CHARACTER SET utf8mb4 COLLATE utf8mb4_general_ci DEFAULT 'Meters',
  `shift` varchar(20) CHARACTER SET utf8mb4 COLLATE utf8mb4_general_ci DEFAULT NULL,
  `reported_to` varchar(100) CHARACTER SET utf8mb4 COLLATE utf8mb4_general_ci DEFAULT NULL,
  `remarks` text CHARACTER SET utf8mb4 COLLATE utf8mb4_general_ci,
  `report_date` timestamp NOT NULL DEFAULT CURRENT_TIMESTAMP,
  PRIMARY KEY (`id`),
  KEY `user_id` (`user_id`),
  KEY `dept_id` (`dept_id`),
  CONSTRAINT `production_reports_ibfk_1` FOREIGN KEY (`user_id`) REFERENCES `users` (`id`),
  CONSTRAINT `production_reports_ibfk_2` FOREIGN KEY (`dept_id`) REFERENCES `departments` (`id`)
) ENGINE=InnoDB AUTO_INCREMENT=2 DEFAULT CHARSET=utf8mb4 COLLATE=utf8mb4_general_ci;

-- Dumping data for table bdtsc_db.production_reports: ~0 rows (approximately)
INSERT INTO `production_reports` (`id`, `user_id`, `dept_id`, `machine_name`, `quantity_produced`, `unit`, `shift`, `reported_to`, `remarks`, `report_date`) VALUES
	(1, 4, 3, 'Spinning Machine Belt ', 30.00, 'Meters', 'Night', NULL, NULL, '2026-04-05 12:39:04');

-- Dumping structure for table bdtsc_db.tasks
CREATE TABLE IF NOT EXISTS `tasks` (
  `id` int NOT NULL AUTO_INCREMENT,
  `task_title` varchar(255) NOT NULL,
  `description` text,
  `assigned_to_dept` int NOT NULL,
  `assigned_employee` int DEFAULT '0',
  `status` enum('Pending','Assigned','In Progress','Completed') DEFAULT 'Pending',
  `priority` enum('Low','Normal','High','Urgent') DEFAULT 'Normal',
  `created_at` datetime DEFAULT CURRENT_TIMESTAMP,
  `updated_at` datetime NOT NULL DEFAULT CURRENT_TIMESTAMP ON UPDATE CURRENT_TIMESTAMP,
  PRIMARY KEY (`id`),
  KEY `assigned_to_dept` (`assigned_to_dept`),
  CONSTRAINT `tasks_ibfk_1` FOREIGN KEY (`assigned_to_dept`) REFERENCES `departments` (`id`)
) ENGINE=InnoDB DEFAULT CHARSET=utf8mb4 COLLATE=utf8mb4_0900_ai_ci;

-- Dumping data for table bdtsc_db.tasks: ~0 rows (approximately)

-- Dumping structure for table bdtsc_db.users
CREATE TABLE IF NOT EXISTS `users` (
  `id` int NOT NULL AUTO_INCREMENT,
  `full_name` varchar(100) CHARACTER SET utf8mb4 COLLATE utf8mb4_general_ci NOT NULL,
  `email` varchar(100) CHARACTER SET utf8mb4 COLLATE utf8mb4_general_ci NOT NULL,
  `password` varchar(255) CHARACTER SET utf8mb4 COLLATE utf8mb4_general_ci NOT NULL,
  `reset_token` varchar(255) CHARACTER SET utf8mb4 COLLATE utf8mb4_general_ci DEFAULT NULL,
  `token_expiry` datetime DEFAULT NULL,
  `user_role` varchar(50) CHARACTER SET utf8mb4 COLLATE utf8mb4_general_ci NOT NULL,
  `dept_id` int DEFAULT NULL,
  `status` enum('Active','Inactive') CHARACTER SET utf8mb4 COLLATE utf8mb4_general_ci DEFAULT 'Active',
  `last_login` datetime DEFAULT NULL,
  `reset_approved` tinyint(1) NOT NULL DEFAULT '0',
  `profile_pic` varchar(255) CHARACTER SET utf8mb4 COLLATE utf8mb4_general_ci DEFAULT 'default_user.jpg',
  PRIMARY KEY (`id`),
  UNIQUE KEY `email` (`email`),
  KEY `dept_id` (`dept_id`),
  KEY `idx_reset_token` (`reset_token`),
  CONSTRAINT `users_ibfk_1` FOREIGN KEY (`dept_id`) REFERENCES `departments` (`id`) ON DELETE SET NULL
) ENGINE=InnoDB AUTO_INCREMENT=27 DEFAULT CHARSET=utf8mb4 COLLATE=utf8mb4_general_ci;

-- Dumping data for table bdtsc_db.users: ~17 rows (approximately)
INSERT INTO `users` (`id`, `full_name`, `email`, `password`, `reset_token`, `token_expiry`, `user_role`, `dept_id`, `status`, `last_login`, `reset_approved`, `profile_pic`) VALUES
	(2, 'ASCHALEW MULUALEM', 'yilkalbedlu1993@gmail.com', '$2y$10$FtUh9Dhi56cMdZRXr5Rt4OnCriEVn71BWWe9D9vKFRO8Q9QZwHr.S', NULL, NULL, 'General Manager', NULL, 'Active', NULL, 0, 'user_2.png'),
	(3, 'BAHIRU ADMASSIE', 'bahiru@gmail.com', '123456', NULL, NULL, 'Department Manager', 5, 'Active', NULL, 0, 'default_user.jpg'),
	(4, 'ካሳሁን ዋሴ', 'kassa@gmail.com', '$2y$10$WsaQhT8m4pEpQ.sNdzRgL.m76krDyNCvM7v7GKjwojTf6kqN7hmOG', NULL, NULL, 'Employee', 3, 'Active', NULL, 0, 'default_user.jpg'),
	(5, 'HONELEGN DIRES', 'honelegn@gmail.com', '$2y$10$JPqsOb2TfgpqztTu/ybsGuBIHpcqLF8jcFr6y9qTMOP7Ut5AyItLy', NULL, NULL, 'Department Manager', 3, 'Active', NULL, 0, 'default_user.jpg'),
	(6, 'አስማማው አንተነህ', 'asmamaw@gmail.com', '$2y$10$SPt01MhwC0SQsPpRKS9pXeJ4t7603OGMTQ7Hp27OPc/o2HyMs3aWu', NULL, NULL, 'Shift Leader', 3, 'Active', NULL, 0, 'user_6.jpg'),
	(7, 'እመቤት ከበደ', 'emebet@gmail.com', '$2y$10$j1yrFHxxhbIM6iRP0pw/5OfT7UJ4j.qMHV9tvRKreMOqtIXBeYGKW', '97b79e9cc62e00b2b99f6d871f507cc81057de9c8377aac87b1d3a5a89f1f645', '2026-04-21 03:02:53', 'Supervisor', 3, 'Active', NULL, 1, 'user_7.jpg'),
	(8, 'Beyene Gebeyaw', 'beyenege845@gmail.com', '$2y$10$qL5zkCNF1BK9J0KA/p.DR.oVP12LfsfoXvcG3wZmfnIB4mZCEA9EG', '361ea0c06d85d7b8fbf89ca6b25b43f1e6c71b9230b0134b3862205133b90221', '2026-04-21 02:55:49', 'Engineering Manager', 2, 'Active', NULL, 1, 'default_user.jpg'),
	(9, 'ታደሰ በቀለ', 'tadese@gmail.com', '$2y$10$1aDCHaJdHSsJDAIUptW4h.kUjTclmvFE5KIO//Yg1D4BnpfP38xHy', NULL, NULL, 'Technician', 2, 'Active', NULL, 0, 'default_user.jpg'),
	(11, 'ይልቃል በድሉ', 'yilqal@gmail.com', '$2y$10$dq5rWP6FQ1k5CBp3v.MctuZa96dzWiljWRd4v6Y1pkW.HBLduLvoa', NULL, NULL, 'Employee', 8, 'Active', NULL, 0, 'default_user.jpg'),
	(12, 'Yilkal Getnet', 'yilkalbedlu2112@gmail.com', '$2y$10$AYwTERX4zGVM4hPhtAvdA.1.oXlb2Eha0vG7CxWooGbVgmUkYRLOW', NULL, NULL, 'Deputy General Manager', NULL, 'Active', NULL, 0, 'user_12.jpg'),
	(13, 'Abebe Abebaw', 'abebe@gmail.com', '$2y$10$DUvkUvZX5esrE1WL98VUpueom3ph/UXdj0SOy1gf6yUykq6XKrCEG', NULL, NULL, 'Employee', 12, 'Active', NULL, 0, 'default_user.jpg'),
	(14, 'DESALEGN ABEBE', 'desalegn@gmail.com', '$2y$10$ix2ek1DHMYOy0Vu1KZKh7O1yEbwVfl4oxDvV0YnDBuqv0xjSDBzZq', NULL, NULL, 'Department Manager', 14, 'Active', NULL, 0, 'default_user.jpg'),
	(15, 'TEWABE GETU', 'tewabe@gmail.com', '$2y$10$xkGDe2lpBlSOyG1wM.cxcOPIjh6EqoJPsHyH6t4VlZeljjfgvdZvG', NULL, NULL, 'Department Manager', 12, 'Active', NULL, 0, 'default_user.jpg'),
	(16, 'System Admin', 'admin@bdtsc.et', '$2y$10$oJiCLHha0A6UI/f4H9pTRueXx4.5NbhwoL7pOdhO2TV2pZi9n1enu', NULL, NULL, 'Admin', NULL, 'Active', NULL, 0, 'default_user.jpg'),
	(17, 'Test Manager', 'manager@bdtsc.et', '.Ye4oKoEa3Ro9llC/.og/at2.uheWG/igi', NULL, NULL, 'Department Manager', 1, 'Active', NULL, 0, 'default_user.jpg'),
	(24, 'Hewan Fantahun', 'hewan@gmail.com', '$2y$10$/TZTdDE4Q7rAPFiBi7w2GOX651nF9cDZbPpPeWOO7VarOKQoAg3Pm', NULL, NULL, 'Store Keeper', 14, 'Active', NULL, 0, 'default_user.jpg'),
	(25, 'Zemenu Asfera', 'zemenu@gmail.com', '$2y$10$I5BV0rs40GRuZIA0QXelIe1VTwQCV2/.RgQ.PfYxW/v5h4UTUsnWa', NULL, NULL, 'Officer', 15, 'Active', NULL, 0, 'default_user.jpg'),
	(26, 'SAMUEL TEGEGN', 'samuel@gmail.com', '$2y$10$bA.RRCWdSzhsMWGeCKUXTeV.UOUEFS1aiHwKEGTCRXRQRFxC.RWNG', NULL, NULL, 'Department Manager', 8, 'Active', NULL, 0, 'default_user.jpg');

/*!40103 SET TIME_ZONE=IFNULL(@OLD_TIME_ZONE, 'system') */;
/*!40101 SET SQL_MODE=IFNULL(@OLD_SQL_MODE, '') */;
/*!40014 SET FOREIGN_KEY_CHECKS=IFNULL(@OLD_FOREIGN_KEY_CHECKS, 1) */;
/*!40101 SET CHARACTER_SET_CLIENT=@OLD_CHARACTER_SET_CLIENT */;
/*!40111 SET SQL_NOTES=IFNULL(@OLD_SQL_NOTES, 1) */;
